,Cities,Country,Max_temp,Lat,Lon,Cloudiness,Humidity,Windspeed
0,ushuaia,AR,57.2,-54.81,-68.31,75,58,16.11
1,arraial do cabo,BR,91.4,-22.97,-42.02,0,46,14.99
2,pevek,RU,-21.6,69.7,170.27,64,100,8.1
3,clyde river,CA,-32.81,70.47,-68.59,20,73,5.82
4,acapulco,MX,86,16.86,-99.88,20,62,4.7
5,barrow,AR,81.95,-38.31,-60.23,0,66,7.31
6,lucapa,AO,68.99,-8.42,20.74,76,94,6.42
7,tual,ID,82.67,-5.67,132.75,48,100,10.45
8,barentsburg,NaN,NaN,NaN,NaN,NaN,NaN,NaN
9,tumannyy,NaN,NaN,NaN,NaN,NaN,NaN,NaN
10,castro,CL,69.8,-42.48,-73.76,0,49,5.82
11,rikitea,PF,79.97,-23.12,-134.97,100,97,11.01
12,talnakh,RU,3.92,69.49,88.39,80,79,19.06
13,sisimiut,GL,-23.49,66.94,-53.67,24,100,1.72
14,bluff,AU,72.95,-23.58,149.07,32,85,8.66
15,kampong cham,KH,76.46,11.99,105.46,0,59,9.89
16,nhulunbuy,AU,78.8,-12.18,136.78,76,94,9.33
17,margate,AU,64.4,-43.03,147.26,40,88,6.93
18,bandarbeyla,SO,75.97,9.49,50.81,8,100,17.05
19,bredasdorp,ZA,69.8,-34.53,20.04,0,60,11.41
20,seagoville,US,41,32.64,-96.54,90,73,4.97
21,half moon bay,US,55.04,37.46,-122.43,90,66,18.39
22,komsomolskiy,RU,8.15,67.55,63.78,88,79,12.91
23,cidreira,BR,82.27,-30.17,-50.22,32,99,3.62
24,samarkand,UZ,55.4,39.65,66.98,40,47,4.7
25,ponta do sol,BR,86.54,-20.63,-46,8,61,4.85
26,pskov,RU,33.8,57.82,28.33,92,98,4.47
27,hermanus,ZA,67.42,-34.42,19.24,0,53,3.74
28,mount isa,AU,86,-20.73,139.49,0,28,8.05
29,khatanga,RU,-21.73,71.98,102.47,56,32,16.6
30,port alfred,ZA,71.96,-33.59,26.89,36,87,7.31
31,kapaa,US,73.04,22.08,-159.32,90,73,5.82
32,new norfolk,AU,64.4,-42.78,147.06,40,88,6.93
33,georgetown,GY,80.6,6.8,-58.16,75,83,11.41
34,jamestown,AU,70.79,-33.21,138.6,0,62,5.86
35,ust-bolsheretsk,NaN,NaN,NaN,NaN,NaN,NaN,NaN
36,mackenzie,CA,30.2,55.34,-123.09,90,92,5.82
37,iqaluit,CA,-2.21,63.75,-68.52,90,70,10.29
38,grindavik,IS,35.6,63.84,-22.43,75,80,27.51
39,pangnirtung,CA,-7.61,66.15,-65.72,90,63,12.75
40,qaanaaq,GL,-28.48,77.48,-69.36,0,88,8.55
41,gat,SN,96.8,14.69,-16.54,0,22,4.7
42,dikson,RU,5.32,73.51,80.55,76,92,24.54
43,salalah,OM,77,17.01,54.1,40,69,2.24
44,kulhudhuffushi,MV,82.04,6.62,73.07,64,100,8.43
45,paulo afonso,BR,91.4,-9.4,-38.23,40,41,11.41
46,samalaeulu,NaN,NaN,NaN,NaN,NaN,NaN,NaN
47,esperance,TT,86,10.24,-61.45,75,48,9.17
48,isangel,VU,78.26,-19.55,169.27,68,100,14.03
49,victoria,BN,78.8,5.28,115.24,75,94,8.66
50,tura,IN,51.98,25.52,90.21,0,80,2.39
51,mataura,NZ,44.56,-46.19,168.86,88,87,3.62
52,saint-philippe,CA,15.08,45.36,-73.48,1,72,9.17
53,hobart,AU,64.4,-42.88,147.33,40,88,6.93
54,hithadhoo,MV,82.31,-0.6,73.08,76,100,6.42
55,nanortalik,GL,28.36,60.14,-45.24,68,97,11.68
56,hilo,US,69.08,19.71,-155.08,90,65,6.93
57,carnarvon,ZA,77.63,-30.97,22.13,0,12,10.45
58,humaita,AR,78.8,-24.93,-65.37,75,78,4.7
59,vaitupu,NaN,NaN,NaN,NaN,NaN,NaN,NaN
60,tsihombe,NaN,NaN,NaN,NaN,NaN,NaN,NaN
61,benguela,AO,77.59,-12.58,13.4,24,99,6.42
62,punta arenas,CL,59,-53.16,-70.91,75,51,27.51
63,tasiilaq,GL,10.4,65.61,-37.64,68,66,18.34
64,coruripe,BR,80.42,-10.12,-36.18,88,97,12.46
65,severo-kurilsk,RU,27.59,50.68,156.12,36,100,12.68
66,sorland,NO,33.8,67.67,12.69,75,59,26.4
67,butaritari,KI,83.26,3.07,172.79,80,100,14.7
68,ladario,PT,43.88,40.7,-7.74,0,77,2.95
69,saskylakh,RU,-56.56,71.97,114.09,0,0,6.53
70,ambon,FR,48.2,47.55,-2.56,90,65,2.24
71,chokurdakh,RU,-23.8,70.62,147.9,64,36,3.06
72,atuona,PF,81.77,-9.8,-139.03,76,98,15.7
73,ishigaki,JP,71.74,24.34,124.16,44,100,6.42
74,kaitangata,NZ,41.59,-46.28,169.85,24,78,2.95
75,cape town,ZA,68,-33.93,18.42,0,64,3.36
76,tuktoyaktuk,CA,-13.01,69.44,-133.03,75,75,12.75
77,puerto ayora,EC,80.6,-0.74,-90.35,75,78,9.17
78,comodoro rivadavia,AR,82.4,-45.87,-67.48,0,13,13.87
79,winchester,GB,46.4,51.06,-1.31,75,52,3.36
80,college,US,-2.03,64.86,-147.8,20,84,3.4
81,matagami,NG,78.94,9.67,8.4,0,49,3.62
82,maghama,NaN,NaN,NaN,NaN,NaN,NaN,NaN
83,shenjiamen,CN,51.49,29.96,122.3,92,98,10.45
84,kedrovyy,RU,5,56.17,91.82,0,77,7.76
85,souillac,FR,48.2,45.6,-0.6,90,70,4.7
86,illoqqortoormiut,NaN,NaN,NaN,NaN,NaN,NaN,NaN
87,blairmore,CA,41,49.61,-114.44,1,27,18.34
88,port elizabeth,US,32,39.31,-74.98,1,60,3.36
89,brenes,ES,57.2,37.55,-5.87,0,54,5.82
90,albany,US,24.08,42.65,-73.75,20,54,3.36
91,san juan,PH,78.8,14.6,121.03,20,61,4.7
92,upernavik,GL,-11.11,72.79,-56.15,12,100,15.7
93,vostok,RU,6.17,46.45,135.83,88,84,2.17
94,marsa matruh,EG,56.75,31.35,27.25,92,45,20.51
95,klaksvik,FO,32,62.23,-6.59,92,100,19.46
96,eston,CA,8.6,51.15,-108.75,20,84,8.05
97,vaini,IN,68.36,15.34,74.49,0,59,5.19
98,alice springs,AU,78.8,-23.7,133.88,0,22,3.36
99,soyo,AO,76.91,-6.13,12.37,92,95,2.17
100,bonthe,SL,87.08,7.53,-12.5,8,60,5.75
101,tucuman,PE,69.76,-17.17,-70.89,24,73,4.41
102,hasaki,JP,32,35.73,140.83,20,100,5.82
103,sucre,BO,57.56,-19.05,-65.26,68,85,2.95
104,tautira,PF,82.4,-17.73,-149.15,75,69,13.87
105,saint anthony,US,26.96,43.97,-111.68,1,69,3.74
106,sahrak,NaN,NaN,NaN,NaN,NaN,NaN,NaN
107,lajkovac,RS,37.4,44.37,20.17,0,59,16.11
108,bubaque,GW,85.64,11.28,-15.83,0,81,5.97
109,kodiak,US,30.2,39.95,-94.76,90,100,12.75
110,karamea,NaN,NaN,NaN,NaN,NaN,NaN,NaN
111,busselton,AU,60.94,-33.64,115.35,0,100,22.53
112,abha,SA,57.2,18.22,42.5,0,54,1.95
113,linkou,CN,4.06,45.29,130.27,68,77,2.62
114,aksay,RU,33.8,47.27,39.86,75,100,4.47
115,bitung,ID,77,1.44,125.19,40,94,2.24
116,bone,ID,81.23,-10.32,123.57,48,93,7.54
117,kununurra,AU,77,-15.77,128.74,12,94,1.12
118,mayor pablo lagerenza,PY,96.49,-19.93,-60.77,20,44,17.6
119,bitkine,TD,77.41,11.98,18.21,8,23,8.77
120,marshall,US,35.06,39.39,-87.69,1,86,4.7
121,mys shmidta,NaN,NaN,NaN,NaN,NaN,NaN,NaN
122,trapani,IT,57.2,38.02,12.54,40,76,21.92
123,bethel,US,37.94,60.79,-161.76,40,69,16.11
124,belushya guba,NaN,NaN,NaN,NaN,NaN,NaN,NaN
125,avarua,CK,80.6,-21.21,-159.78,40,78,6.93
126,yellowknife,CA,-16.61,62.45,-114.38,40,68,9.17
127,gwadar,PK,67.64,25.12,62.33,36,91,5.41
128,taolanaro,NaN,NaN,NaN,NaN,NaN,NaN,NaN
129,lebu,ET,47.48,8.96,38.73,0,38,4.18
130,bulgan,MN,-18.31,48.81,103.53,0,23,4.41
131,nuuk,GL,14,64.17,-51.74,40,85,4.7
132,grand river south east,NaN,NaN,NaN,NaN,NaN,NaN,NaN
133,carballo,ES,50,43.21,-8.69,20,81,2.24
134,airai,TL,69.76,-8.93,125.41,68,92,1.61
135,auki,NG,74.84,12.18,6.51,8,31,4.18
136,havelock,US,39.92,34.88,-76.9,90,85,13.87
137,ilulissat,GL,-5.81,69.22,-51.1,40,53,1.12
138,leshukonskoye,RU,18.82,64.9,45.76,56,77,6.31
139,vestmannaeyjar,IS,39.2,63.44,-20.27,40,80,31.09
140,crossville,US,35.6,35.95,-85.03,90,80,5.82
141,goderich,CA,26.56,43.74,-81.71,48,89,7.65
142,gigmoto,PH,77.36,13.78,124.39,0,100,14.47
143,attawapiskat,NaN,NaN,NaN,NaN,NaN,NaN,NaN
144,west bend,US,32,43.43,-88.18,40,87,8.05
145,paka,HR,33.8,45.29,18.06,0,74,9.17
146,berlevag,NO,30.2,70.86,29.09,90,100,18.34
147,colchester,GB,44.6,51.89,0.9,20,81,2.24
148,torbay,CA,24.8,47.66,-52.73,20,68,19.46
149,kayerkan,RU,5.45,69.35,87.76,80,83,21.74
150,carutapera,BR,81.14,-1.2,-46.02,80,93,5.75
151,umred,IN,66.2,20.85,79.32,0,48,4.7
152,ancud,CL,69.8,-41.87,-73.83,0,49,5.82
153,minab,IR,66.2,27.15,57.07,88,82,2.24
154,viligili,NaN,NaN,NaN,NaN,NaN,NaN,NaN
155,arawa,NG,78.71,7.05,3.9,32,77,1.16
156,saint george,GR,35.6,39.45,22.34,75,79,1.83
157,erenhot,CN,-13.9,43.65,111.97,0,39,6.76
158,cabo san lucas,MX,71.6,22.89,-109.91,90,56,8.05
159,warqla,NaN,NaN,NaN,NaN,NaN,NaN,NaN
160,madimba,CM,79.57,4.42,9.93,8,84,6.64
161,husavik,CA,11.12,50.56,-96.99,36,96,3.96
162,mar del plata,AR,83.62,-46.43,-67.52,8,23,8.55
163,muli,IN,59.32,22.62,71.45,0,61,7.99
164,dudinka,RU,7.7,69.41,86.18,76,75,22.75
165,chuy,UY,79.84,-33.69,-53.46,80,93,4.97
166,avera,US,48.2,33.19,-82.53,90,87,3.36
167,longyearbyen,NO,6.8,78.22,15.63,20,65,11.41
168,la rioja,AR,69.49,-29.41,-66.86,92,100,3.96
169,tammisaari,NaN,NaN,NaN,NaN,NaN,NaN,NaN
170,sabha,LY,39.61,27.03,14.43,0,61,7.76
171,sorvag,NaN,NaN,NaN,NaN,NaN,NaN,NaN
172,adrar,DZ,57.2,27.87,-0.29,0,30,5.82
173,amazar,RU,-17.95,53.86,120.88,20,48,3.29
174,yar-sale,RU,12.11,66.83,70.83,64,92,12.46
175,jinchengjiang,NaN,NaN,NaN,NaN,NaN,NaN,NaN
176,booue,GA,74.17,-0.09,11.94,12,98,1.5
177,ifakara,TZ,70.43,-8.13,36.68,32,100,1.72
178,sentyabrskiy,NaN,NaN,NaN,NaN,NaN,NaN,NaN
179,oume,CI,86.9,6.38,-5.42,48,65,2.95
180,bengkulu,NaN,NaN,NaN,NaN,NaN,NaN,NaN
181,deputatskiy,RU,-31.9,69.3,139.9,48,0,3.29
182,angoche,MZ,83.89,-16.23,39.91,32,97,14.03
183,gariadhar,IN,63.59,21.54,71.58,0,45,11.01
184,bielsk podlaski,PL,28.13,52.77,23.19,88,87,21.07
185,sinnamary,GF,81.23,5.38,-52.96,24,89,8.66
186,poli,CM,74.21,8.48,13.24,0,59,2.73
187,caravelas,BR,81.19,-17.73,-39.27,0,100,11.68
188,lata,IN,27.64,30.78,78.62,0,66,2.73
189,payo,ID,74.57,-3.75,103.64,88,95,2.51
190,coihaique,CL,73.4,-45.58,-72.07,0,17,8.05
191,nikolskoye,RU,32,59.7,30.79,90,92,8.95
192,napasar,IN,44.96,27.97,73.56,0,85,2.95
193,yelabuga,RU,8.6,55.76,52.06,40,78,15.66
194,mahadday weyne,NaN,NaN,NaN,NaN,NaN,NaN,NaN
195,mehamn,NO,30.2,71.03,27.85,90,100,18.34
196,leh,IN,-35.41,34.16,77.58,12,40,0.94
197,rungata,NaN,NaN,NaN,NaN,NaN,NaN,NaN
198,aklavik,CA,-20.21,68.22,-135.01,20,75,9.17
199,ribeira grande,PT,62.6,38.52,-28.7,40,77,8.05
200,kolvereid,NO,30.2,64.86,11.6,40,86,4.7
201,vardo,US,33.8,39.62,-77.74,1,47,4.7
202,mwinilunga,ZM,65.84,-11.73,24.43,92,93,5.3
203,ayacucho,PE,60.8,-13.16,-74.23,75,82,5.82
204,powell river,CA,35.6,49.84,-124.52,90,100,4.7
205,labuhan,ID,71.96,-2.54,115.51,68,97,0.94
206,praia da vitoria,PT,60.26,38.73,-27.07,56,100,9.55
207,trairi,BR,79.12,-3.28,-39.27,44,100,6.76
208,shangzhi,CN,14.54,45.21,127.96,76,82,5.41
209,grand gaube,MU,80.6,-20.01,57.66,20,74,6.93
210,le vauclin,MQ,84.2,14.55,-60.84,75,61,14.99
211,boyolangu,ID,74.12,-8.09,111.9,92,97,2.95
212,henties bay,NA,65.3,-22.12,14.28,88,94,7.09
213,devesel,RO,34.79,44.47,22.66,0,88,13.47
214,bilibino,RU,-46.35,68.06,166.44,12,0,2.28
215,hrodna,BY,29.3,53.68,23.83,88,89,19.39
216,sakakah,NaN,NaN,NaN,NaN,NaN,NaN,NaN
217,hamilton,CA,28.4,43.26,-79.87,40,68,5.82
218,leningradskiy,RU,-8.05,69.38,178.42,88,96,13.47
219,saryshagan,NaN,NaN,NaN,NaN,NaN,NaN,NaN
220,luganville,VU,81.64,-15.51,167.18,48,100,6.53
221,kendari,ID,73.36,-3.99,122.52,36,96,3.96
222,umm lajj,SA,61.52,25.02,37.27,44,100,8.99
223,saltpond,GH,84.47,5.2,-1.06,20,60,5.08
224,pisco,PE,71.6,-13.71,-76.2,20,30,11.41
225,alta floresta,BR,86,-9.87,-56.08,75,70,2.24
226,bambous virieux,MU,80.6,-20.34,57.76,20,74,6.93
227,sarangarh,IN,54.46,21.6,83.08,0,86,3.4
228,sayyan,YE,42.22,15.17,44.32,0,22,1.16
229,snasa,NO,26.96,64.25,12.38,80,79,10.45
230,elko,US,15.08,40.83,-115.76,1,69,5.82
231,nha trang,VN,77,12.24,109.19,75,73,6.93
232,thompson,CA,-13.01,55.74,-97.86,75,69,2.24
233,sibolga,ID,68.77,1.74,98.78,80,100,1.5
234,pedasi,PA,79.34,7.53,-80.03,0,98,20.07
235,kingaroy,AU,60.8,-26.54,151.84,75,93,5.82
236,kankan,GN,90.32,10.38,-9.3,24,18,6.53
237,egvekinot,RU,-13.45,66.32,-179.17,76,39,6.64
238,vila franca do campo,PT,60.8,37.72,-25.43,20,82,8.05
239,northam,GB,46.4,51.04,-4.21,75,70,3.36
240,cumra,TR,35.6,37.57,32.77,75,93,4.7
241,tateyama,JP,11.21,36.66,137.31,32,100,2.17
242,imbituba,BR,89.6,-28.24,-48.67,20,55,11.41
243,grand forks,US,21.92,47.91,-97.06,90,100,3.36
244,mahebourg,MU,80.6,-20.41,57.7,20,74,6.93
245,norman,US,40.82,35.22,-97.44,90,79,8.05
246,kruisfontein,ZA,68.09,-34,24.73,0,85,5.53
247,araure,VE,84.2,9.59,-69.23,20,39,6.93
248,kitimat,CA,35.6,54.02,-128.69,90,100,13.87
249,sitka,US,41.09,37.17,-99.65,0,81,5.64
250,eldikan,NaN,NaN,NaN,NaN,NaN,NaN,NaN
251,loukhi,RU,18.41,66.08,33.04,88,91,4.63
252,yefira,NaN,NaN,NaN,NaN,NaN,NaN,NaN
253,port moresby,PG,79.97,-9.47,147.16,36,100,4.97
254,evensk,RU,-5.71,61.92,159.24,64,100,7.54
255,quelimane,MZ,77,-17.88,36.89,75,94,8.05
256,kahului,US,66.2,20.89,-156.47,1,87,4.7
257,omboue,GA,81.41,-1.57,9.26,56,100,6.53
258,vanimo,PG,81.95,-2.67,141.3,48,100,17.94
259,qaqortoq,GL,26.6,60.72,-46.03,75,63,1.12
260,cubuk,TR,35.6,40.24,33.03,75,91,1.12
261,kutoarjo,ID,77.86,-7.72,109.9,92,100,4.41
262,suntar,RU,-35.19,62.16,117.65,0,0,2.95
263,sumbe,AO,77.72,-11.2,13.84,0,99,5.53
264,kloulklubed,PW,78.8,7.04,134.26,75,78,12.75
265,porto velho,BR,86,-8.75,-63.87,75,66,4.7
266,oranjemund,ZA,64.67,-28.55,16.43,0,95,19.51
267,ksenyevka,NaN,NaN,NaN,NaN,NaN,NaN,NaN
268,kiruna,SE,6.8,67.86,20.23,88,92,2.24
269,codrington,AU,64.4,-28.95,153.24,0,93,5.82
270,rio grande,BR,78.8,-32.03,-52.1,75,100,5.82
271,breznik,SI,41,46.14,14.89,75,65,12.75
272,mullaitivu,NaN,NaN,NaN,NaN,NaN,NaN,NaN
273,kemlya,RU,20.75,54.69,45.24,80,87,14.36
274,san patricio,PY,91.31,-26.98,-56.83,48,62,7.09
275,cayenne,GF,84.2,4.94,-52.33,90,70,12.75
276,broome,GB,38.12,52.47,1.45,12,93,3.36
277,bolungarvik,NaN,NaN,NaN,NaN,NaN,NaN,NaN
278,east london,ZA,71.6,-33.02,27.91,20,83,6.93
279,louisbourg,NaN,NaN,NaN,NaN,NaN,NaN,NaN
280,jumla,NP,3.56,29.28,82.18,0,73,1.72
281,shabo,UA,35.6,46.13,30.39,0,80,6.71
282,sola,NO,35.6,58.89,5.65,75,80,13.87
283,lompoc,US,60.08,34.64,-120.46,90,66,9.17
284,port macquarie,AU,69.8,-31.43,152.91,0,83,9.17
285,cehegin,ES,57.2,38.09,-1.8,0,47,2.24
286,mbuyapey,PY,90.64,-26.22,-56.76,80,73,11.9
287,qingdao,CN,28.4,36.09,120.35,44,86,4.47
288,svetlogorsk,RU,6.8,53.14,59.15,40,84,6.71
289,cape coast,GH,84.47,5.11,-1.24,20,60,5.08
290,provideniya,RU,16.66,64.42,-173.23,56,100,24.65
291,kavieng,PG,84.02,-2.57,150.8,44,100,13.69
292,srednekolymsk,RU,-23.35,67.46,153.71,76,35,4.41
293,moerai,PF,76.69,-22.43,-151.33,92,100,16.82
294,spring hill,US,66.2,28.46,-82.54,75,63,4.7
295,vung tau,VN,79.66,10.35,107.08,24,93,11.23
296,chifeng,CN,4.91,42.27,118.96,0,32,15.03
297,luba,PH,63.19,17.32,120.7,0,78,2.95
298,novopskov,UA,28.72,49.54,39.1,92,95,14.25
299,fairbanks,US,-2.03,64.84,-147.72,20,84,3.4
300,constitucion,MX,60.8,23.99,-104.67,20,38,2.24
301,yuyao,CN,46.4,30.04,121.15,90,100,2.24
302,kysyl-syr,RU,-31.99,63.9,122.77,24,55,2.95
303,bacuit,NaN,NaN,NaN,NaN,NaN,NaN,NaN
304,dingle,PH,75.65,11,122.67,36,82,14.47
305,nortelandia,BR,89.74,-14.45,-56.8,8,77,4.07
306,poso,ID,76.24,-1.4,120.75,92,100,6.98
307,yulara,AU,82.4,-25.24,130.99,0,23,4.7
308,katwijk,NL,42.8,52.2,4.41,40,86,8.05
309,nizhneyansk,NaN,NaN,NaN,NaN,NaN,NaN,NaN
310,cairns,AU,77,-16.92,145.77,75,94,9.17
311,wenling,CN,48.61,28.38,121.38,92,100,4.52
312,consett,GB,41,54.85,-1.83,20,86,2.24
313,petropavlovskaya,RU,38.26,45.08,40.45,88,88,8.55
314,callaguip,PH,69.8,18.07,120.49,20,88,4.7
315,camacari,BR,86,-12.7,-38.32,20,70,9.17
316,walvis bay,NA,68,-22.95,14.51,88,77,6.93
317,springdale,US,33.98,36.19,-94.13,90,74,4.7
318,camana,NaN,NaN,NaN,NaN,NaN,NaN,NaN
319,neyvo-rudyanka,RU,11.3,57.34,60.13,20,75,5.41
320,fereydun kenar,IR,51.8,36.69,52.52,75,87,9.17
321,muros,ES,48.2,42.77,-9.06,0,81,5.82
322,ilhabela,BR,81.77,-23.78,-45.36,0,97,10.22
323,balabac,PH,81.82,7.99,117.06,92,99,18.84
324,hualmay,PE,77.32,-11.1,-77.61,12,69,6.42
325,presque isle,US,21.2,46.68,-68.02,20,48,6.76
326,raudeberg,NO,32,61.99,5.14,75,97,14.99
327,santa maria do suacui,BR,87.53,-18.19,-42.41,0,44,7.54
328,killarney,AU,60.94,-28.34,152.3,0,97,1.39
329,kavaratti,IN,82.67,10.57,72.64,0,100,6.53
330,kalmunai,LK,72.5,7.42,81.82,92,100,3.74
331,ponta delgada,PT,60.8,37.73,-25.67,20,82,8.05
332,sao felix do xingu,BR,71.11,-6.64,-51.99,92,100,1.39
333,smolenka,PL,28.13,54.15,22.76,48,84,18.72
334,flagstaff,US,46.4,35.2,-111.65,90,65,3.4
335,laguna,MX,71.6,27.52,-110.01,75,37,3.36
336,kryvyy rih,UA,35.6,47.92,33.35,90,80,15.66
337,calmatuiu,RO,37.4,43.97,24.87,75,90,18.34
338,itarema,BR,81.05,-2.92,-39.92,88,88,5.97
339,coquimbo,CL,71.6,-29.95,-71.34,0,56,14.99
340,heihe,RU,-2.21,50.24,127.51,0,58,8.95
341,anadyr,RU,-16.61,64.73,177.51,75,75,13.42
342,lavumisa,ZA,79.66,-27.31,31.88,92,75,6.2
343,cessnock,AU,71.6,-32.83,151.35,32,83,5.82
344,lorengau,PG,83.71,-2.02,147.27,92,98,15.26
345,norman wells,CA,-13.01,65.28,-126.83,75,69,8.05
346,tiarei,PF,82.4,-17.53,-149.33,75,69,13.87
347,ronneby,SE,33.8,56.21,15.28,0,59,14.99
348,san cristobal,EC,64.4,-0.39,-78.55,75,63,14.99
349,smirnykh,RU,-5.17,49.74,142.83,68,81,2.73
350,salta,AR,78.8,-24.79,-65.41,75,78,4.7
351,aykhal,RU,-55.12,65.95,111.51,0,0,2.73
352,fairmont,US,33.62,40.64,-97.59,90,95,11.41
353,asau,NaN,NaN,NaN,NaN,NaN,NaN,NaN
354,paamiut,GL,26.02,61.99,-49.67,8,100,8.77
355,kirovskiy,RU,3.61,45.09,133.51,64,63,2.17
356,novoorsk,RU,17.6,51.38,58.98,90,85,8.95
357,zhangjiakou,CN,-0.49,40.77,114.88,0,20,18.61
358,saleaula,NaN,NaN,NaN,NaN,NaN,NaN,NaN
359,celano,IT,50,42.09,13.54,20,70,8.05
360,lingao,CN,67.96,19.91,109.69,88,96,8.1
361,conde,BR,85.82,-11.81,-37.61,12,70,10.67
362,torez,UA,31.55,48.03,38.62,92,97,10.33
363,hami,CN,23.36,42.84,93.51,80,76,10.22
364,oksfjord,NO,30.2,70.24,22.35,75,80,8.05
365,kawalu,ID,66.65,-7.38,108.21,64,98,2.17
366,godean,ID,74.12,-7.65,111.91,92,97,2.95
367,bay-khaak,RU,-23.08,51.16,94.47,0,29,2.17
368,one hundred mile house,NaN,NaN,NaN,NaN,NaN,NaN,NaN
369,tlaltenango,MX,62.6,19.17,-98.35,40,51,9.17
370,tonantins,BR,84.56,-2.86,-67.77,32,75,5.75
371,trogir,HR,42.8,43.52,16.25,20,87,3.36
372,bahir dar,ET,55.31,11.59,37.39,0,36,3.85
373,aquiraz,BR,84.2,-3.9,-38.39,40,74,9.17
374,voloshka,RU,24.44,61.33,40.09,92,91,16.37
375,sakaiminato,JP,35.6,35.55,133.23,75,80,5.82
376,noyabrsk,RU,22.06,63.2,75.45,92,91,11.68
377,necochea,AR,76.82,-38.55,-58.74,12,85,8.43
378,ulaanbaatar,MN,-27.41,47.92,106.92,0,67,4.47
379,marcona,NaN,NaN,NaN,NaN,NaN,NaN,NaN
380,bud,NO,33.8,62.91,6.91,75,100,17.22
381,sawakin,SD,76.37,19.1,37.33,100,82,10
382,fernandina beach,US,60.8,30.67,-81.46,90,76,9.17
383,guaruja,BR,89.6,-23.99,-46.26,75,70,9.17
384,naze,NG,87.8,5.43,7.07,20,74,5.41
385,pangai,TO,80.6,-19.8,-174.35,40,83,6.93
386,lanester,FR,48.2,47.76,-3.34,90,66,1.12
387,paita,PE,62.6,-5.09,-81.11,75,290,13.87
388,gawler,AU,68,-34.6,138.75,0,49,4.7
389,mulege,MX,63.86,26.88,-111.98,64,66,3.4
390,tazovskiy,RU,18.05,67.47,78.7,76,81,14.25
391,malanje,AO,72.32,-9.54,16.35,20,70,7.54
392,marsaxlokk,MT,57.2,35.84,14.54,20,82,31.09
393,tessalit,ML,62.6,20.2,1.01,0,22,6.2
394,ostrovnoy,RU,10.99,68.05,39.51,36,75,7.99
395,mazagao,BR,86,-0.12,-51.29,75,66,8.05
396,garut,ID,66.65,-7.22,107.9,64,98,2.17
397,umm kaddadah,SD,62.87,13.6,26.69,12,37,8.43
398,najran,SA,69.8,17.54,44.22,0,21,5.97
399,sai buri,TH,74.03,6.7,101.62,0,92,3.06
400,jalu,LY,52.88,29.03,21.55,0,42,10.56
401,nizhnyaya tura,RU,10.04,58.62,59.87,20,80,5.97
402,plettenberg bay,ZA,67.51,-34.05,23.37,24,100,3.96
403,borama,NaN,NaN,NaN,NaN,NaN,NaN,NaN
404,sao joao da barra,BR,89.6,-21.64,-41.05,20,46,20.8
405,port blair,IN,82.58,11.67,92.75,64,100,11.45
406,kurdzhinovo,RU,27.37,43.99,40.96,12,68,3.85
407,warwick,US,33.98,41.7,-71.42,90,63,12.75
408,mana,RS,33.8,43.52,20.24,0,99,4.7
409,kehychivka,UA,33.22,49.29,35.77,88,96,15.26
410,roald,NO,32,62.58,6.12,75,80,12.75
411,narsaq,GL,26.6,60.91,-46.05,75,63,1.12
412,yibin,CN,43.57,28.77,104.64,88,99,4.74
413,valday,RU,30.65,57.98,33.25,92,89,16.49
414,dunedin,NZ,37.54,-45.87,170.5,12,89,2.95
415,urumqi,NaN,NaN,NaN,NaN,NaN,NaN,NaN
416,kudahuvadhoo,MV,82.36,2.67,72.89,80,100,13.47
417,barcelos,PT,46.4,41.53,-8.62,36,87,2.24
418,matara,PE,53.6,-13.74,-72.9,75,54,9.17
419,sandpoint,US,30.2,48.28,-116.55,1,68,14.99
420,winnemucca,US,30.92,40.97,-117.74,1,48,16.11
421,nokia,FI,12.2,61.48,23.51,0,92,4.74
422,ranong,TH,78.8,9.96,98.62,20,88,4.74
423,aktash,NaN,NaN,NaN,NaN,NaN,NaN,NaN
424,pontes e lacerda,BR,90.46,-15.23,-59.33,8,72,4.07
425,orumiyeh,IR,30.2,37.55,45.08,20,80,6.93
426,mayo,CA,-23.81,63.59,-135.9,5,74,2.62
427,namibe,AO,73.04,-15.19,12.15,36,100,12.46
428,wencheng,CN,45.23,27.79,120.09,92,100,2.17
429,dumka,IN,58.64,24.27,87.25,0,74,10
430,moree,AU,78.8,-29.46,149.84,0,50,14.99
431,chojnice,PL,30.79,53.7,17.57,36,84,19.28
432,lumsden,CA,26.6,50.65,-104.86,90,92,11.41
433,kaliua,TZ,64.36,-5.06,31.79,24,94,2.39
434,goryachegorsk,RU,-8.19,55.41,88.92,0,30,2.17
435,neiafu,TO,78.8,-18.65,-173.98,40,88,2.24
436,westport,IE,44.6,53.8,-9.52,75,100,13.87
437,sibu,MY,77,2.29,111.83,75,94,2.39
438,makhinjauri,GE,48.2,41.67,41.69,40,49,18.34
439,jaipur hat,NaN,NaN,NaN,NaN,NaN,NaN,NaN
440,tucumcari,US,48.02,35.17,-103.73,1,60,12.75
441,batsfjord,NO,30.2,70.63,29.72,0,92,3.36
442,linhares,BR,90.46,-19.38,-40.06,0,51,9.22
443,camacha,PT,64.4,33.08,-16.33,40,72,11.41
444,paragominas,BR,84.79,-3,-47.35,80,72,8.21
445,porto novo,BR,93.2,-23.68,-45.44,40,38,5.82
446,high level,CA,3.2,58.52,-117.13,75,84,10.29
447,brewster,US,35.06,41.76,-70.08,90,100,11.41
448,san rafael,AR,66.2,-34.61,-68.33,92,45,8.32
449,iskateley,RU,20.21,67.68,53.15,80,86,16.49
450,jackson,US,37.4,35.61,-88.82,90,93,4.7
451,nenjiang,CN,-0.13,49.17,125.23,20,53,11.79
452,mahajanga,MG,80.6,-15.72,46.32,40,88,4.7
453,sechura,PE,80.02,-5.56,-80.82,0,73,8.88
454,joshimath,IN,-8.64,30.57,79.57,0,96,1.28
455,ugoofaaru,MV,80.51,5.67,73,88,100,13.69
456,tongren,CN,38.44,27.72,109.18,92,98,6.31
457,nantucket,US,35.06,41.28,-70.1,90,100,11.41
458,owosso,US,32.9,43,-84.18,75,64,10.29
459,banyo,CM,77.36,6.75,11.81,0,34,4.63
460,kampot,KH,75.2,10.62,104.18,20,88,2.51
461,vitim,RU,-5.89,59.44,112.57,56,55,6.31
462,ca mau,VN,74.93,9.18,105.15,8,93,5.19
463,englehart,CA,17.6,47.82,-79.87,90,92,9.17
464,fortuna,ES,57.2,38.18,-1.13,0,71,5.82
465,rheinau,DE,39.2,48.87,8.19,75,93,6.93
466,poya,NC,74.71,-21.35,165.16,64,100,17.6
467,kuche,NaN,NaN,NaN,NaN,NaN,NaN,NaN
468,saint-leu,RE,80.6,-21.15,55.28,0,69,5.82
469,vao,EE,26.42,59.1,26.19,44,84,12.12
470,peniche,PT,53.6,39.36,-9.38,20,81,9.17
471,tuatapere,NZ,51.08,-46.13,167.69,32,100,4.85
472,samusu,NaN,NaN,NaN,NaN,NaN,NaN,NaN
473,beringovskiy,RU,-4.36,63.05,179.32,80,92,30.8
474,ikalamavony,MG,68.45,-21.17,46.6,12,82,4.63
475,sarkand,KZ,4.82,45.41,79.91,0,32,7.2
476,aragats,AM,32,40.22,44.23,75,81,1.83
477,portland,US,44.06,45.52,-122.67,20,48,24.16
478,chandbali,IN,69.17,20.77,86.74,32,100,6.2
479,biak,ID,75.92,-0.91,122.88,76,100,2.84
480,lagoa,PT,57.2,37.14,-8.45,0,62,2.24
481,geraldton,CA,19.4,49.72,-86.95,90,62,6.93
482,ajdabiya,LY,55.58,30.75,20.22,0,65,15.59
483,batagay,RU,-62.64,67.65,134.64,8,0,2.39
484,burnie,AU,66.56,-41.05,145.91,92,91,16.49
485,tiksi,RU,-35.82,71.64,128.87,44,0,1.72
486,erzin,TR,48.2,36.95,36.2,75,87,11.41
487,teknaf,BD,60.35,20.86,92.31,0,81,4.63
488,kachiry,KZ,16.61,53.07,76.1,68,81,14.25
489,mukhen,RU,6.17,48.19,136.14,68,79,3.29
490,irtyshskiy,RU,22.69,58.33,68.13,76,89,5.64
491,cherskiy,RU,-32.89,68.75,161.3,12,0,3.18
492,worland,US,35.24,44.02,-107.96,1,41,9.17
493,berbera,NaN,NaN,NaN,NaN,NaN,NaN,NaN
494,manadhoo,MV,79.21,5.77,73.38,92,100,9.89
495,sao filipe,CV,73.58,14.9,-24.5,0,92,16.82
496,naftah,NaN,NaN,NaN,NaN,NaN,NaN,NaN
497,dezful,IR,54.5,32.38,48.4,92,100,3.18
498,tabuk,PH,55.81,17.41,121.44,44,88,1.61
499,tortoli,IT,55.4,39.93,9.66,0,50,26.4
500,pantayivka,UA,31.96,48.67,32.88,76,96,14.81
501,cacoal,BR,85.96,-11.43,-61.44,36,65,2.95
502,faanui,PF,80.78,-16.48,-151.75,88,100,14.81
503,kabinda,CD,67.01,-6.14,24.49,92,99,9.55
504,prado,BR,81.01,-17.34,-39.22,0,92,12.46
505,calbuco,CL,66.2,-41.77,-73.13,0,59,10.29
506,boda,BD,52.84,26.2,88.56,0,86,3.4
507,russell,AR,69.8,-33.01,-68.8,40,73,5.82
508,san fernando,TT,86,10.28,-61.46,75,48,9.17
509,bosansko grahovo,BA,24.31,44.18,16.37,0,79,2.06
510,san mateo del mar,MX,79.39,16.21,-94.98,0,89,30.91
511,urucara,BR,80.96,-2.54,-57.76,88,85,2.39
512,likasi,CD,66.52,-10.99,26.74,56,100,3.51
513,gazojak,TM,40.1,41.19,61.4,92,88,2.95
514,jos,NG,75.16,9.92,8.9,0,32,4.07
515,iracoubo,GF,82.81,5.48,-53.21,68,66,5.41
516,shimoda,JP,49.28,34.7,138.93,0,100,11.45
517,port lincoln,AU,66.65,-34.72,135.86,12,93,4.63
518,monroe,US,33.98,41.91,-83.4,1,67,4.52
519,odweyne,NaN,NaN,NaN,NaN,NaN,NaN,NaN
520,kaeo,NZ,57.07,-35.1,173.78,56,94,9.66
521,lozovik,RS,33.35,44.47,21.1,0,94,15.93
522,poum,MK,26.6,41.28,20.71,75,86,2.24
523,moyale,ET,75.79,3.52,39.05,0,29,8.43
524,makakilo city,US,71.06,21.35,-158.09,90,93,2.06
525,sompeta,IN,65.3,18.93,84.6,48,80,1.72
526,menongue,AO,82.04,-14.66,17.68,92,20,5.75
527,rocha,UY,82.72,-34.48,-54.34,8,69,9.44
528,kamenka,RU,19.36,53.19,44.05,76,88,13.91
529,orsha,BY,32.72,54.51,30.43,92,93,17.6
530,yabrud,SY,46.4,33.97,36.66,75,81,13.87
531,wahran,NaN,NaN,NaN,NaN,NaN,NaN,NaN
532,tigil,RU,8.33,57.8,158.67,64,80,5.75
533,nacala,MZ,82.22,-14.56,40.69,88,95,5.97
534,salina cruz,MX,80.15,16.18,-95.2,8,52,20.4
535,teya,MX,80.6,21.05,-89.07,75,61,9.17
536,port hedland,AU,80.6,-20.31,118.58,8,88,4.74
537,vila,IT,57.2,45.18,8.4,0,27,13.87
538,aswan,EG,48.16,24.09,32.9,0,68,3.85
539,antofagasta,CL,68,-23.65,-70.4,75,60,17.22
540,madang,PG,76.46,-5.21,145.81,64,100,3.85
541,taoudenni,ML,60.67,22.68,-3.98,0,20,8.55
542,faya,SA,57.2,18.39,42.45,0,54,3.62
543,lincoln,US,32,40.8,-96.67,90,97,11.41
544,luderitz,NA,67.28,-26.65,15.16,0,62,23.31
545,mount gambier,AU,62.6,-37.83,140.78,92,88,5.82
546,susuman,RU,-42.16,62.78,148.15,20,0,3.29
547,barbosa ferraz,BR,91.4,-24.03,-52.01,40,59,9.17
548,juifang,NaN,NaN,NaN,NaN,NaN,NaN,NaN
549,santa marta de tormes,ES,35.6,40.95,-5.63,0,80,1.12
550,samarai,PG,81.5,-10.62,150.67,80,100,12.01
551,saint-lo,FR,46.4,49.12,-1.09,90,81,5.82
552,atbasar,KZ,26.47,51.81,68.36,92,91,7.43
553,acarau,NaN,NaN,NaN,NaN,NaN,NaN,NaN
554,bilyayivka,UA,35.6,46.48,30.22,0,80,6.71
555,hwange,ZW,77.14,-18.35,26.5,48,75,4.07
556,udachnyy,RU,-56.92,66.42,112.4,0,0,2.51
557,ilheus,BR,86,-14.79,-39.05,40,79,6.93
558,banda aceh,ID,75.11,5.56,95.32,88,99,1.95
559,qunduz,NaN,NaN,NaN,NaN,NaN,NaN,NaN
560,port hardy,CA,33.8,50.7,-127.42,20,100,3.36
561,camabatela,AO,71.24,-8.19,15.37,80,78,7.43
562,kpandu,GH,88.66,7,0.29,24,55,1.61
563,rapid valley,US,42.98,44.06,-103.15,1,35,11.41
564,merauke,ID,76.19,-8.49,140.4,80,100,2.17
565,micheweni,TZ,82.85,-4.97,39.83,20,99,10.78
566,batagay-alyta,RU,-57.6,67.8,130.41,0,0,2.39
567,solvychegodsk,RU,20.39,61.33,46.92,80,84,10.78
568,nome,US,53.96,30.04,-94.42,1,53,9.17
569,the valley,AI,84.2,18.22,-63.06,20,61,11.41
570,hastings,NZ,63.14,-39.64,176.84,88,100,9.33
571,pemba,MZ,80.6,-12.97,40.52,75,78,5.82
572,wenatchee,US,28.94,47.42,-120.31,90,92,1.5
573,port hawkesbury,CA,17.6,45.62,-61.36,40,72,6.93
574,atar,MR,82.4,20.52,-13.05,24,9,9.17
575,trofors,NO,32,65.54,13.39,20,92,6.93
576,amapa,HN,80.6,15.09,-87.97,40,69,5.82
577,dzhusaly,NaN,NaN,NaN,NaN,NaN,NaN,NaN
578,mlowo,TZ,64.76,-9.01,33,76,91,2.39
579,pampa,US,52.88,35.54,-100.96,1,60,9.17
580,coahuayana,MX,79.16,18.62,-100.35,32,32,3.06
581,amderma,NaN,NaN,NaN,NaN,NaN,NaN,NaN
582,galveston,US,32,40.58,-86.19,1,93,4.52
583,dormidontovka,RU,1.72,47.77,134.91,68,70,4.97
584,lemesos,NaN,NaN,NaN,NaN,NaN,NaN,NaN
585,chimoio,MZ,69.8,-19.11,33.48,75,100,6.93
586,sioux lookout,CA,17.6,50.1,-91.92,75,72,5.82
587,san juan de uraba,CO,82.54,8.76,-76.53,0,99,9.1
588,albemarle,US,46.04,35.35,-80.2,90,67,4.7
589,denau,NaN,NaN,NaN,NaN,NaN,NaN,NaN
590,rawlins,US,24.8,41.79,-107.24,1,72,3.18
591,richards bay,ZA,79.39,-28.77,32.06,20,79,7.76
592,beloha,MG,80.33,-25.17,45.06,68,83,4.18
593,chincha alta,PE,71.6,-13.42,-76.13,20,30,11.41
594,shangrao,CN,43.84,28.45,117.97,92,98,2.28
595,maceio,BR,84.2,-9.67,-35.74,40,54,11.41
